lemma	codlem	gen	codmorf	LiLaRef	LemLatLST
a	I		X--	lemma/86824	43813(6),9(a0001)
abscondo	V3		VmH	lemma/86994	146947(D01C6),189(a0155)
accedo	V3		VmH	lemma/87084	70991(D02A6),281(a0240)
accedo	V3		VmH	lemma/87112	70991(D02A6),282(a0268)
aceto	V1		VmF	lemma/87202	71255(D039H),392(a0354)
aceto	V1		VmF	lemma/87208	71255(D039H),391(a0358)
adaquo	V1		VmF	lemma/87372	71723(D0524),583(a0506)
adorior	V4		VmL	lemma/87631	72009(D06A3),872(a0751)
aduersus	I		X--	lemma/87681	72161(D074G),925(a0795)
adultero	V1		VmF	lemma/87710	147050(D076H),955(a0820)
aera	N1	f	NcA	lemma/87874	72337(D07GF),72340(D07GG),72339(D07GH),72336(D07H0),72338(D07H1),1126(a0966)
aera	N1	f	NcA	lemma/89356	72337(D07GF),72340(D07GG),72339(D07GH),72336(D07H0),72338(D07H1),1127(a2283)
aetherius	N2/1	*	Af-	lemma/27811	45193(3152),72397(D082G)
affecto	V1		VmF	lemma/87998	72468(D0874),1252(a1076)
agna	N1	f	NcA	lemma/88109	72825(D09EH),72826(D09F0),1378(a1182)
agonia	N1	f	NcA	lemma/88145	72863(D09H5),72864(D09H6),1416(a1212)
agonia	N1	f	NcA	lemma/90941	72863(D09H5),72864(D09H6),1417(a3741)
agonotheta	N1	m	NcA	lemma/88155	72877(D0A06),1426(a1218)
albico	V1		VmF	lemma/88242	73303(D0B7H),1505(a1290)
alipes	N3A	*	Af-	lemma/88344	73614(D0C8G),3(a1374)
alleuo	V1		VmF	lemma/88348	147093(D0CHC),147094(D0CHD),1654(a1378)
alleuo	V1		VmF	lemma/88385	147093(D0CHC),147094(D0CHD),1653(a1415)
altercor	V1		VmF	lemma/88460	147097(D0E5A),1755(a1486)
amarico	V1		VmF	lemma/88566	74316(D0EH3),1859(a1578)
amento	V1		VmF	lemma/91016	147112(D0FCE),147113(D0FCF),1953(a8662)
amico	V1		VmF	lemma/88678	74577(D0FF5),1976(a1682)
an	I		X--	lemma/88828	74871(D0GG5),2126(a1816)
anathema	N3B	n	NcC	lemma/91159	74984(D0H45),74985(D0H46),2214(a9977)
anathema	N3B	n	NcC	lemma/91161	74984(D0H45),74985(D0H46),2216(a9978)
ancillor	V1		VmF	lemma/88942	75062(D0H8G),2251(a1919)
anclo	V1		VmF	lemma/88951	75078(D0HA7),2257(a1925)
anilito	V1		VmF	lemma/89073	152217(D107B),2366(a2026)
annus	N2	m	NcB	lemma/89129	75372(D10G8),2417(a2077)
anus	N2	m	NcB	lemma/89365	74875(D122G),4(a2292)
ara	N1	f	NcA	lemma/105157	76490(D149E),76491(D149F)
ara	N1	f	NcA	lemma/89737	76490(D149E),76491(D149F),3043(a2625)
arbitror	V1		VmF	lemma/89778	76628(D14H8),3088(a2658)
archiater	N2	m	NcB	lemma/89824	76748(D156D),3133(a2698)
architecto	V1		VmF	lemma/89853	76870(D15DF),3163(a2724)
arcula	N1	f	NcA	lemma/89829	76934(D15HH),76935(D1600),3203(a2703)
assello	V1		VmF	lemma/90300	78012(D19D5),3608(a3123)
assero	V3		VmH	lemma/90320	78043(D19F9),3626(a3140)
assero	V3		VmH	lemma/90321	78043(D19F9),3627(a3141)
assis	N3B	m	NcC	lemma/90172	77941(D1A42),77942(D1A43),77943(D1A44)
assis	N3B	m	NcC	lemma/90884	77941(D1A42),77942(D1A43),77943(D1A44)
astipulor	V1		VmF	lemma/90420	78268(D1ABF),3734(a3237)
at	I		X--	lemma/87415	78317(D1AF9),3800(a0547)
atta	N1	m	NcA	lemma/90518	78405(D1B38),3853(a3325)
atta	N1	m	NcA	lemma/90595	78405(D1B38),3854(a3399)
attingo	V3		VmH	lemma/90596	148888(D1B8H),3895(a3400)
auctoro	V1		VmF	lemma/90622	78618(D1BGH),3966(a3423)
auia	N1	f	NcA	lemma/90697	78800(D1CAH),4044(a3493)
auia	N1	f	NcA	lemma/90855	78800(D1CAH),4045(a3628)
aula	N1	f	NcA	lemma/90715	78840(D1CDD),78841(D1CDE),78842(D1CDF),78843(D1CDG),78844(D1CDH),78845(D1CE0),78846(D1CE1),78847(D1CE2),78848(D1CE3),78849(D1CE4),4062(a3506)
aula	N1	f	NcA	lemma/90903	78840(D1CDD),78841(D1CDE),78842(D1CDF),78843(D1CDG),78844(D1CDH),78845(D1CE0),78846(D1CE1),78847(D1CE2),78848(D1CE3),78849(D1CE4),4063(a3672)
aurigo	V1		VmF	lemma/90781	152338(D1D3D),4131(a3566)
auspicor	V1		VmF	lemma/90810	149161(D1D7F),4159(a3593)
axiculus	N2	m	NcB	lemma/90889	79151(D1DFB),4228(a3659)
axis	N3B	m	NcC	lemma/90896	79139(D1DG3),4234(a3665)
bacca	N1	f	NcA	lemma/91191	79322(D1E78),79323(D1E79),79324(D1E7A)
bacca	N1	f	NcA	lemma/91231	79322(D1E78),79323(D1E79),79324(D1E7A),4263(b0038)
bacchius	N2/1	*	Af-	lemma/91207	48701(10811),4270(b0021)
bacchius	N2/1	*	Af-	lemma/92105	48701(10811),4269(b9691)
baia	N1	f	NcA	lemma/91234	79520(D1F1A),79521(D1F1B),79522(D1F1C),4295(b0041)
baia	N1	f	NcA	lemma/91503	79520(D1F1A),79521(D1F1B),79522(D1F1C),4296(b0283)
balo	V1		VmF	lemma/91284	79598(D1F7E),4249(b0086)
baro	N3B	m	NcC	lemma/91682	80306(D1HBG),4419(b0445)
beneficium	N2	n	NcB	lemma/129759	81017(D2202),81018(D2203)
beneficium	N2	n	NcB	lemma/91483	81017(D2202),81018(D2203),4542(b0266)
beta	N1	f	NcA	lemma/91508	81264(D22D6),81265(D22D7),4587(b0287)
beta	N1	f	NcA	lemma/92068	81264(D22D6),81265(D22D7),4588(b0801)
blandior	V4		VmL	lemma/91700	81819(D24B2),4779(b0462)
blatero	V1		VmF	lemma/91718	147215(D24D3),4798(b0477)
blatta	N1	f	NcA	lemma/91738	81857(D24D9),4801(b0496)
bolus	N2	m	NcB	lemma/91752	82172(D25HE),4819(b0510)
boo	V1		VmF	lemma/91784	81930(D2514),4866(b0539)
bucula	N1	f	NcA	lemma/91943	83588(D2A71),83589(D2A72),83590(D2A73)
bucula	N1	f	NcA	lemma/91961	83588(D2A71),83589(D2A72),83590(D2A73),5043(b0707)
calculatio	N3B	f	NcC	lemma/92240	84654(D2DF4),5387(c0114)
calculatio	N3B	f	NcC	lemma/92338	84654(D2DF4),5388(c0204)
calo	N3B	m	NcC	lemma/92415	84828(D2E7C),5470(c0273)
calo	N3B	m	NcC	lemma/93439	84828(D2E7C),5471(c1152)
calo	V1		VmF	lemma/92413	84471(D2D77),84472(D2D78),5472(c0271)
calo	V1		VmF	lemma/92414	84471(D2D77),84472(D2D78),5473(c0272)
caminus	N2	m	NcB	lemma/92475	85063(D2F3F),85065(D2F3H)
campus	N2	m	NcB	lemma/92503	85092(D2FAE),85093(D2FAF),85094(D2FAG),85095(D2FAH),85096(D2FB0),85097(D2FB1),85098(D2FB2),85099(D2FB3),5556(c0347)
campus	N2	m	NcB	lemma/93945	85092(D2FAE),85093(D2FAF),85094(D2FAG),85095(D2FAH),85096(D2FB0),85097(D2FB1),85098(D2FB2),85099(D2FB3),5557(c1593)
cancer	N2	m	NcB	lemma/92473	85312(D2FH3),85313(D2FH5),85314(D2FH6),85315(D2FH7),5588(c0323)
cancer	N2	m	NcB	lemma/92534	85312(D2FH3),85313(D2FH5),85314(D2FH6),85315(D2FH7),5589(c0375)
canna	N1	f	NcA	lemma/92586	85450(D2G82),85451(D2G83),85452(D2G84),85453(D2G85),85454(D2G86),85455(D2G87),85456(D2G88),5646(c0418)
canna	N1	f	NcA	lemma/94841	85450(D2G82),85451(D2G83),85452(D2G84),85453(D2G85),85454(D2G86),85455(D2G87),85456(D2G88),5647(c2412)
cantabrum	N2	n	NcB	lemma/92615	85541(D2GD8),85542(D2GD9),85543(D2GDA),5674(c0440)
cantabrum	N2	n	NcB	lemma/95223	85541(D2GD8),85542(D2GD9),85543(D2GDA),5675(c2748)
cantarium	N2	n	NcB	lemma/141580	85568(D2GF4),85569(D2GF5)
capella	N1	f	NcA	lemma/141581	85714(D2H5C),85715(D2H5D),85716(D2H5E),85717(D2H5F),85718(D2H5G),85719(D2H5H),85720(D2H60),85721(D2H61),85722(D2H62),85723(D2H63),85724(D2H64)
capito	V1		VmF	lemma/39012	85845(D2HFF),85846(D2HFG),85848(D2HG0)
capto	V1		VmF	lemma/92784	86093(D30AB),5838(c0582)
capulo	V1		VmF	lemma/92792	86137(D30CB),5849(c0589)
capulo	V1		VmF	lemma/96071	86137(D30CB),5850(c3549)
carabus	N2	m	NcB	lemma/92797	86170(D30EF),5854(c0593)
carabus	N2	m	NcB	lemma/96621	86170(D30EF),5855(c4053)
carmen	N3B	n	NcC	lemma/92868	86460(D31E2),86461(D31E3),86462(D31E4),5934(c0656)
carmen	N3B	n	NcC	lemma/96629	86460(D31E2),86461(D31E3),86462(D31E4),5935(c4060)
caso	V1		VmF	lemma/121119	86882(D335F),86883(D335G),6044(q0155)
caso	V1		VmF	lemma/92985	86882(D335F),86883(D335G),6043(c0758)
cassis	N3B	f	NcC	lemma/92980	87018(D33EA),6053(c0753)
casso	V1		VmF	lemma/121119	87006(D33B4),87007(D33B5),87008(D33B6),87009(D33B7),87010(D33B8),87011(D33B9),87012(D33BA),87013(D33BB),6059(q0155)
casso	V1		VmF	lemma/92985	87006(D33B4),87007(D33B5),87008(D33B6),87009(D33B7),87010(D33B8),87011(D33B9),87012(D33BA),87013(D33BB),6058(c0758)
cernuo	V1		VmF	lemma/93551	88265(D37CD),6613(c1248)
ceruus	N2	m	NcB	lemma/94394	88304(D37H9),6666(c2004)
chema	N1	f	NcA	lemma/93749	88773(D3975),6797(c1423)
cibo	V1		VmF	lemma/93923	89093(D3A7G),6966(c1574)
cicatrico	V1		VmF	lemma/93930	147284(D3A90),6972(c1579)
circulo	V1		VmF	lemma/94063	89393(D3B77),7105(c1693)
cluo	V3		VmH	lemma/97559	90016(D3DA5),7604(c7146)
coaxo	V1		VmF	lemma/94651	147304(D3DF3),7709(c2240)
coaxo	V1		VmF	lemma/94652	147304(D3DF3),7710(c2241)
cochlearium	N2	n	NcB	lemma/94669	90154(D3E0C),7727(c2255)
cochlearium	N2	n	NcB	lemma/97603	90154(D3E0C),7728(c7934)
cogito	V1		VmF	lemma/94718	90358(D3EBG),7804(c2304)
cogito	V1		VmF	lemma/97288	90358(D3EBG),7805(c4657)
collegium	N2	n	NcB	lemma/94806	90645(D3FA5),90646(D3FA6),7930(c2380)
collimito	V1		VmF	lemma/94859	147311(D3FCC),7958(c2429)
colum	N2	n	NcB	lemma/94963	90457(D3G1A),7632(c2520)
comitor	V1		VmF	lemma/95051	90941(D3GA7),8148(c2595)
commendo	V1		VmF	lemma/95106	91019(D3GFG),91020(D3GFH),91021(D3GG0),91022(D3GG1),91023(D3GG2),91024(D3GG4),8199(c2645)
commendo	V1		VmF	lemma/97334	91019(D3GFG),91020(D3GFH),91021(D3GG0),91022(D3GG1),91023(D3GG2),91024(D3GG4),8200(c4699)
communico	V1		VmF	lemma/95220	91185(D3H6G),8317(c2745)
comparatio	N3B	f	NcC	lemma/95259	91257(D3HB3),8359(c2782)
comparatio	N3B	f	NcC	lemma/97428	91257(D3HB3),8360(c4786)
comparo	V1		VmF	lemma/95263	91247(D3HAH),91248(D3HB0),91249(D3HB1),91250(D3HB2),8367(c2786)
comparo	V1		VmF	lemma/97455	91247(D3HAH),91248(D3HB0),91249(D3HB1),91250(D3HB2),8368(c4812)
compilo	V1		VmF	lemma/95321	91322(D3HF9),8428(c2839)
compilo	V1		VmF	lemma/97459	91322(D3HF9),8429(c4816)
conditio	N3B	f	NcC	lemma/95668	91704(D412D),91705(D412E),91706(D412F),91707(D412G),91708(D412H),91709(D4130),91710(D4131),91711(D4132),8794(c3168)
conditio	N3B	f	NcC	lemma/97682	91704(D412D),91705(D412E),91706(D412F),91707(D412G),91708(D412H),91709(D4130),91710(D4131),91711(D4132),8790(c9856)
conditum	N2	n	NcB	lemma/97720	91697(D413D),8796(c9891)
conditum	N2	n	NcB	lemma/97722	91697(D413D),8792(c9892)
conditus	N4	m	NcD	lemma/97721	91701(D413F),91702(D413G),8797(c9891)
conditus	N4	m	NcD	lemma/97723	91701(D413F),91702(D413G),8793(c9892)
conglacio	V1		VmF	lemma/95883	147356(D421D),9043(c3370)
coniecto	V1		VmF	lemma/95925	91986(D4242),9086(c3411)
consecro	V1		VmF	lemma/96008	147364(D42EH),9181(c3489)
consolo	V1		VmF	lemma/96097	92235(D4330),9283(c3569)
conspiro	V1		VmF	lemma/96123	147373(D4354),9313(c3593)
conspiro	V1		VmF	lemma/97480	147373(D4354),9314(c4835)
consulto	V1		VmF	lemma/96192	92342(D439E),9389(c3656)
contumelio	V1		VmF	lemma/96391	147392(D447F),9599(c3840)
conuerso	V1		VmF	lemma/96443	92650(D44C4),9658(c3889)
conuiuialis	N3A	*	Af-	lemma/96472	92681(D44E5),9691(c3917)
conuiuialis	N3A	*	Af-	lemma/96475	92681(D44E5),9692(c3920)
coquus	N2	m	NcB	lemma/96552	92813(D455D),9772(c3992)
corneolus	N2/1	*	Af-	lemma/96606	93115(D463A),9825(c4038)
corneolus	N2/1	*	Af-	lemma/97510	93115(D463A),9826(c4861)
cornum	N2	n	NcB	lemma/92367	93087(D466A),9850(c0231)
cornum	N2	n	NcB	lemma/96632	93087(D466A),9851(c4055)
cortina	N1	f	NcA	lemma/96725	93353(D4700),9949(c4149)
cortina	N1	f	NcA	lemma/97512	93353(D4700),9950(c4863)
corus	N2	m	NcB	lemma/96732	92836(D471H),7635(c4156)
cotis	N3B	f	NcC	lemma/96758	93498(D47B4),93497(D47B5)
cotis	N3B	f	NcC	lemma/97401	93498(D47B4),93497(D47B5)
cucullus	N2	m	NcB	lemma/97116	94386(D4A75),94387(D4A76),10345(c4500)
cucullus	N2	m	NcB	lemma/97122	94386(D4A75),94387(D4A76),10346(c4505)
cum	I		X--	lemma/97201	94561(D4AHE),94562(D4AHF),94564(D4AHH),10425(c4579)
cum	I		X--	lemma/97207	94563(D4AHG),10426(c4584)
cunctor	V1		VmF	lemma/97248	147430(D4B2C),10470(c4622)
cupa	N1	f	NcA	lemma/97280	94656(D4B57),94657(D4B58),94658(D4B59),94659(D4B5A),94660(D4B5B),10495(c4650)
cupula	N1	f	NcA	lemma/97308	94711(D4B8E),10518(c4677)
decerto	V1		VmF	lemma/98053	147467(D4E49),10895(d0182)
decido	V3		VmH	lemma/98059	95496(D4E5A),10902(d0188)
decido	V3		VmH	lemma/98060	95496(D4E5A),10901(d0189)
deiero	V1		VmF	lemma/98380	152107(D4FC9),11231(d0484)
delapido	V1		VmF	lemma/98410	147523(D4FF1),11259(d0512)
delicia	N1	f	NcA	lemma/98452	95855(D4FHH),11313(d0549)
deludifico	V1		VmF	lemma/98508	152785(D4G2C),11369(d0597)
demereo	V2		VmG	lemma/98535	95936(D4G60),11396(d0623)
demolior	V4		VmL	lemma/98556	147546(D4G6H),11418(d0644)
depalo	V1		VmF	lemma/98676	147557(D4GEC),147558(D4GED),11538(d0759)
depalo	V1		VmF	lemma/98808	147557(D4GEC),147558(D4GED),11539(d0882)
depilo	V1		VmF	lemma/98708	147562(D4GGF),11578(d0789)
deprecor	V1		VmF	lemma/98779	96105(D4H23),11645(d0855)
detestatio	N3B	f	NcC	lemma/99031	96352(D506E),11910(d1095)
detestatio	N3B	f	NcC	lemma/99432	96352(D506E),11911(d1470)
digno	V1		VmF	lemma/99405	147640(D51GB),12297(d1442)
dispenso	V1		VmF	lemma/99728	97086(D537B),12619(d1831)
dissauior	V1		VmF	lemma/99771	149137(D53C2),12665(d1872)
dolium	N2	n	NcB	lemma/100027	97402(D54E9),12880(d2120)
edo	V3		VmH	lemma/100577	98306(D57EB),13279(e0095)
effatio	N3B	f	NcC	lemma/100604	98382(D5810),13418(e0119)
effatio	N3B	f	NcC	lemma/101190	98382(D5810),13419(e0662)
eiulo	V1		VmF	lemma/100733	151996(D58C3),13569(e0237)
electo	V1		VmF	lemma/100772	98553(D58DG),13608(e0276)
electo	V1		VmF	lemma/102520	98553(D58DG),13606(e1937)
elibero	V1		VmF	lemma/100821	147752(D5907),13664(e0318)
elibero	V1		VmF	lemma/102522	147752(D5907),13665(e1939)
equus	N2	m	NcB	lemma/101076	99310(D5BBF),14243(e0555)
euito	V1		VmF	lemma/101194	147818(D5EA7),147819(D5EA8),14533(e0666)
euito	V1		VmF	lemma/101648	147818(D5EA7),147819(D5EA8),14534(e1102)
excidium	N2	n	NcB	lemma/101197	100412(D5F97),14765(e0669)
excidium	N2	n	NcB	lemma/102571	100412(D5F97),14766(e8306)
excrementum	N2	n	NcB	lemma/101195	100463(D5FDG),14819(e0667)
excrementum	N2	n	NcB	lemma/101912	100463(D5FDG),14820(e1367)
expalpo	V1		VmF	lemma/102128	152751(D5GH0),15054(e1571)
expilo	V1		VmF	lemma/102181	100789(D5H42),15105(e1620)
expilo	V1		VmF	lemma/102526	100789(D5H42),15106(e1943)
exulo	V1		VmF	lemma/102487	101012(D602F),15429(e1910)
fabrico	V1		VmF	lemma/102726	101077(D6076),15476(f0021)
fabula	N1	f	NcA	lemma/102741	101097(D608A),15447(f0035)
fala	N1	f	NcA	lemma/102824	101290(D6127),101291(D6128),101292(D6129),15572(f0106)
fala	N1	f	NcA	lemma/102825	101290(D6127),101291(D6128),101292(D6129)
fatisco	V3		VmH	lemma/103002	147978(D62CE),15751(f0264)
fatuor	V1		VmF	lemma/103008	101775(D62D4),15448(f0270)
fatuor	V1		VmF	lemma/103012	101775(D62D4),15446(f0274)
fistulo	V1		VmF	lemma/103359	102759(D6616),16123(f0585)
focilo	V1		VmF	lemma/103542	148002(D677B),16324(f0751)
fornico	V1		VmF	lemma/103677	103726(D6963),16467(f0876)
fratria	N1	f	NcA	lemma/103322	104170(D6AG7),104171(D6AG8),16539(f0551)
fratria	N1	f	NcA	lemma/103745	104170(D6AG7),104171(D6AG8),16540(f0940)
fretum	N2	n	NcB	lemma/103788	104303(D6B71),16562(f0980)
frons	N3B	f	NcC	lemma/103844	104517(D6C10),16649(f1030)
frons	N3B	f	NcC	lemma/103845	104517(D6C10),16650(f1031)
fucus	N2	m	NcB	lemma/103534	104648(D6CA6),104649(D6CA7),16726(f0744)
fucus	N2	m	NcB	lemma/103913	104648(D6CA6),104649(D6CA7),16727(f1088)
fugo	V1		VmF	lemma/103921	104667(D6CB9),104668(D6CBA),104669(D6CBB),16745(f1096)
fugo	V1		VmF	lemma/103930	104667(D6CB9),104668(D6CBA),104669(D6CBB),16746(f1103)
fundator	N3B	m	NcC	lemma/104004	104811(D6D17),16826(f1168)
fundator	N3B	m	NcC	lemma/104117	104811(D6D17),16827(f1269)
funero	V1		VmF	lemma/104027	104834(D6D39),16850(f1187)
fungor	V3		VmH	lemma/104022	104779(D6D44),16855(f1184)
furor	V1		VmF	lemma/104074	104869(D6D5C),16905(f1230)
futo	V1		VmF	lemma/104110	105060(D6DHA),105061(D6DHF),16943(f1262)
futo	V1		VmF	lemma/104215	105060(D6DHA),105061(D6DHF),16944(f9706)
galba	N1	f	NcA	lemma/104259	105283(D6EC6),105284(D6EC7),105282(D6EC8),16971(g0015)
galba	N1	f	NcA	lemma/104514	105283(D6EC6),105284(D6EC7),105282(D6EC8),16972(g0222)
gaudeo	V2		VmG	lemma/104365	105844(D6G9C),17071(g0102)
gaulus	N2	m	NcB	lemma/104373	105911(D6GDE),17078(g0109)
gaulus	N2	m	NcB	lemma/104537	105911(D6GDE),17079(g0239)
geniculo	V1		VmF	lemma/104474	106108(D6H6C),17177(g0190)
genus	N3B	n	NcC	lemma/104498	106069(D6HB4),106070(D6HB5)
genus	N3B	n	NcC	lemma/104504	106069(D6HB4),106070(D6HB5),17205(g0213)
glisco	V3		VmH	lemma/104684	148030(D712E),17385(g0380)
gradilis	N3A	*	Af-	lemma/104556	106982(D7246),17504(g0256)
gradilis	N3A	*	Af-	lemma/104798	106982(D7246),17505(g0496)
gratificor	V1		VmF	lemma/104871	148035(D7311),17579(g0566)
grego	V1		VmF	lemma/104915	107327(D737F),17622(g0607)
hastula	N1	f	NcA	lemma/105205	108424(D7715),108425(D7716),108426(D7717),17891(h0145)
hastula	N1	f	NcA	lemma/90379	108424(D7715),108425(D7716),108426(D7717)
hieto	V1		VmF	lemma/105476	148050(D78EH),18152(h0380)
hirnea	N1	f	NcA	lemma/105389	109017(D790G),18224(h0309)
hirnea	N1	f	NcA	lemma/105542	109017(D790G),18225(h0444)
honoro	V1		VmF	lemma/105658	109212(D79CE),18340(h0548)
iliacus	N2/1	*	Af-	lemma/107917	57086(39664),18836(i1802)
iliacus	N2/1	*	Af-	lemma/109466	57086(39664),18837(i9165)
imbrico	V1		VmF	lemma/106342	110128(D7CED),18994(i0315)
imbrico	V1		VmF	lemma/109306	110128(D7CED),18995(i3121)
impetibilis	N3A	*	Af-	lemma/106562	110305(D7D9F),19225(i0523)
impetibilis	N3A	*	Af-	lemma/109315	110305(D7D9F),19226(i3129)
implicisco	V3		VmH	lemma/106614	110347(D7DD0),19281(i0572)
incido	V3		VmH	lemma/106954	110699(D7F2H),19641(i0897)
inclinis	N3A	*	Af-	lemma/107003	110763(D7F78),19696(i0943)
inclinis	N3A	*	Af-	lemma/107430	110763(D7F78),19697(i1347)
increpo	V1		VmF	lemma/107184	110903(D7FG8),19885(i1117)
indignor	V1		VmF	lemma/107358	111055(D7G8H),20070(i1280)
indignus	N2/1	*	Af-	lemma/107360	111052(D7G94),20071(i1281)
indignus	N2/1	*	Af-	lemma/107459	111052(D7G94),20072(i1374)
industrius	N2/1	*	Af-	lemma/59244	57222(41689),111147(D7GF6)
infesto	V1		VmF	lemma/107660	111290(D7H5H),20384(i1557)
infirmo	V1		VmF	lemma/107690	148143(D7H7H),20419(i1584)
inter	I		X--	lemma/108393	112023(D8262),112024(D8263)
ioculor	V1		VmF	lemma/108932	112414(D83GE),21771(i2770)
irrito	V1		VmF	lemma/108965	148212(D8477),21879(i2797)
irrito	V1		VmF	lemma/109057	148212(D8477),21878(i2887)
labellum	N2	n	NcB	lemma/109605	113190(D868C),113191(D868D),22190(l0011)
labellum	N2	n	NcB	lemma/109609	113190(D868C),113191(D868D),22186(l0015)
labrum	N2	n	NcB	lemma/109629	113247(D86CG),22191(l0034)
laqueo	V1		VmF	lemma/109868	113817(D8897),22507(l0233)
laqueo	V1		VmF	lemma/109929	113817(D8897),22508(l0284)
latex	N3B	m	NcC	lemma/110008	113969(D88H8),22589(l0354)
latex	N3B	m	NcC	lemma/110717	113969(D88H8),22590(l0962)
leuamentum	N2	n	NcB	lemma/111147	114642(D8B3D),22699(l9905)
leuigo	V1		VmF	lemma/111134	114702(D8B89),22700(l9893)
leuis	N3A	*	Af-	lemma/110327	114637(D8B8D),22701(l0625)
leuo	V1		VmF	lemma/110349	114621(D8B3H),22703(l0646)
libero	V1		VmF	lemma/110392	114799(D8BE9),22976(l0684)
libraria	N1	f	NcA	lemma/110417	114845(D8BGG),22939(l0704)
libraria	N1	f	NcA	lemma/111122	114845(D8BGG),22937(l9881)
librarius	N2/1	*	Af-	lemma/110416	114844(D8BH1),22940(l0704)
librarius	N2/1	*	Af-	lemma/111121	114844(D8BH1),22938(l9881)
limarius	N2/1	*	Af-	lemma/110495	115071(D8CCB),23086(l0767)
limarius	N2/1	*	Af-	lemma/110731	115071(D8CCB),23087(l0975)
limo	V1		VmF	lemma/110521	115059(D8CC9),23115(l0792)
limo	V1		VmF	lemma/110597	115059(D8CC9),23116(l0855)
lio	V1		VmF	lemma/110605	114757(D8BC4),23202(l0863)
lio	V1		VmF	lemma/110732	114757(D8BC4),23203(l0976)
lito	V1		VmF	lemma/110663	115303(D8D8B),23263(l0917)
lora	N1	f	NcA	lemma/110807	115603(D8E95),23404(l1043)
lucanus	N2/1	*	Af-	lemma/110837	58915(48031),23444(l1069)
lucanus	N2/1	*	Af-	lemma/110920	58915(48031),23445(l1141)
lucror	V1		VmF	lemma/110886	148234(D8F01),23491(l1111)
lustramentum	N2	n	NcB	lemma/110744	115943(D8FC3),23621(l0987)
lustramentum	N2	n	NcB	lemma/111022	115943(D8FC3),23622(l1226)
lustro	V1		VmF	lemma/111029	115940(D8FC4),23629(l1232)
lustrum	N2	n	NcB	lemma/111031	115938(D8FC8),115939(D8FC9),23630(l1234)
lustrum	N2	n	NcB	lemma/111105	115938(D8FC8),115939(D8FC9),23631(l8222)
luteus	N2/1	*	Af-	lemma/111038	115954(D8FD5),23428(l1241)
luteus	N2/1	*	Af-	lemma/111154	115954(D8FD5),23430(l9910)
luto	V1		VmF	lemma/110756	115949(D8FCG),23642(l0995)
luto	V1		VmF	lemma/111042	115949(D8FCG),23643(l1244)
lutum	N2	n	NcB	lemma/111047	115947(D8FDH),23429(l1249)
lutum	N2	n	NcB	lemma/111156	115947(D8FDH),23431(l9911)
luxus	N4	m	NcD	lemma/111058	115971(D8FE7),23661(l1257)
luxus	N4	m	NcD	lemma/111059	115971(D8FE7),23662(l1258)
mactus	N2/1	*	Af-	lemma/111224	116130(D8G67),23770(m0054)
mactus	N2/1	*	Af-	lemma/112286	116130(D8G67),23771(m0943)
maligno	V1		VmF	lemma/111386	116585(D8HEA),23923(m0187)
malum	N2	n	NcB	lemma/111419	116448(D9035),116449(D9036),23710(m0216)
malum	N2	n	NcB	lemma/111422	116448(D9035),116449(D9036),23709(m0218)
marcus	N2	m	NcB	lemma/111603	117383(D92F4),117384(D92F6),117385(D92F7),24136(m0377)
marcus	N2	m	NcB	lemma/112287	117383(D92F4),117384(D92F6),117385(D92F7),24137(m0944)
medica	N1	f	NcA	lemma/111810	118311(D959F),24294(m0549)
medico	V1		VmF	lemma/111807	118310(D95A3),24349(m0547)
medicus	N2/1	*	Af-	lemma/111809	60307(50752),24297(m0549)
melinus	N2/1	*	Af-	lemma/111904	118487(D9631),24293(m0624)
melo	N3B	m	NcC	lemma/111954	118536(D9656),24475(m0664)
mena	N1	f	NcA	lemma/111233	118596(D969F),24298(m0063)
mentior	V4		VmL	lemma/112072	148257(D96HE),24591(m0760)
mentum	N2	n	NcB	lemma/112079	118713(D9704),24597(m0766)
mentum	N2	n	NcB	lemma/112288	118713(D9704),24598(m0945)
mercor	V1		VmF	lemma/112102	118780(D9732),24624(m0787)
meridio	V1		VmF	lemma/112133	148260(D9798),24653(m0812)
miliarium	N2	n	NcB	lemma/113316	119335(D9916),24776(m9986)
miliarius	N2/1	*	Af-	lemma/113314	119336(D9917),24777(m9986)
miror	V1		VmF	lemma/112442	119562(D99F5),24943(m1092)
molior	V4		VmL	lemma/112590	120023(D9B6F),25100(m1223)
molitio	N3B	f	NcC	lemma/112592	120025(D9B70),25017(m1224)
molitio	N3B	f	NcC	lemma/112619	120025(D9B70),25020(m1247)
mora	N1	f	NcA	lemma/112289	120309(D9C63),120310(D9C64),120311(D9C65),120312(D9C66),120313(D9C67),120314(D9C68),25267(m0946)
mora	N1	f	NcA	lemma/112757	120309(D9C63),120310(D9C64),120311(D9C65),120312(D9C66),120313(D9C67),120314(D9C68),25268(m1374)
morigeror	V1		VmF	lemma/112791	148276(D9CC5),25303(m1407)
morior	V5		VmM	lemma/112796	120320(D9CBG),25307(m1411)
morosus	N2/1	*	Af-	lemma/112805	120430(D9CD9),25019(m1418)
morosus	N2/1	*	Af-	lemma/112847	120430(D9CD9),25022(m1455)
mucus	N2	m	NcB	lemma/112964	120679(D9DBF),25365(m1662)
mundus	N2	m	NcB	lemma/112290	120884(D9E6A),120885(D9E6B),120886(D9E6C),25547(m0947)
mundus	N2	m	NcB	lemma/113022	120884(D9E6A),120885(D9E6B),120886(D9E6C),25548(m1716)
mundus	N2	m	NcB	lemma/113024	120884(D9E6A),120885(D9E6B),120886(D9E6C),25549(m1717)
munero	V1		VmF	lemma/113032	120926(D9E6F),25557(m1723)
murra	N1	f	NcA	lemma/112276	121043(D9EE0),25620(m0933)
murra	N1	f	NcA	lemma/112277	121043(D9EE0),25621(m0934)
murreus	N2/1	*	Af-	lemma/112278	121044(D9EE6),25624(m0935)
murreus	N2/1	*	Af-	lemma/112279	121044(D9EE6),25625(m0936)
museum	N2	n	NcB	lemma/111651	121130(D9F19),25366(m0415)
museum	N2	n	NcB	lemma/111814	121130(D9F19),25363(m0551)
museus	N2/1	*	Af-	lemma/111580	121129(D9F1A),25367(m0357)
museus	N2/1	*	Af-	lemma/111835	121129(D9F1A),25364(m0569)
mutulus	N2	m	NcB	lemma/113178	121229(D9F7B),25368(m1874)
naufrago	V1		VmF	lemma/113441	148283(D9G6F),25905(n0087)
nicto	V1		VmF	lemma/113655	121803(D9H60),26146(n0276)
nitela	N1	f	NcA	lemma/113709	121861(D9H9B),26138(n0323)
nola	N1	f	NcA	lemma/113793	121982(D9HH3),26235(n0488)
nola	N1	f	NcA	lemma/114125	121982(D9HH3),26234(n9763)
nutrico	V1		VmF	lemma/114029	148305(DA103),26573(n0712)
obsidium	N2	n	NcB	lemma/114431	122517(DA1F4),122518(DA1F5),26861(o0242)
obsidium	N2	n	NcB	lemma/115524	122517(DA1F4),122518(DA1F5),26862(o9722)
obstetrico	V1		VmF	lemma/114456	148319(DA1G0),26889(o0264)
obtentus	N4	m	NcD	lemma/114907	122545(DA1H3),26929(o0675)
obtentus	N4	m	NcD	lemma/115558	122545(DA1H3),26930(o9994)
odium	N2	n	NcB	lemma/114729	122686(DA297),27180(o0513)
oletum	N2	n	NcB	lemma/114877	122854(DA30H),27311(o0646)
oletum	N2	n	NcB	lemma/114883	122854(DA30H),27312(o0652)
omen	N3B	n	NcC	lemma/114892	122919(DA349),27364(o0661)
omen	N3B	n	NcC	lemma/114921	122919(DA349),27365(o0690)
operor	V1		VmF	lemma/115028	122989(DA386),27472(o0793)
oppilo	V1		VmF	lemma/115108	148341(DA3C9),148342(DA3CA),27554(o0862)
oppilo	V1		VmF	lemma/115121	148341(DA3C9),148342(DA3CA),27553(o0874)
ora	N1	f	NcA	lemma/115172	123081(DA3F0),27618(o0920)
ora	N1	f	NcA	lemma/115173	123081(DA3F0),27619(o0923)
orca	N1	f	NcA	lemma/114898	123129(DA3HG),123130(DA3HH),27654(o0666)
orca	N1	f	NcA	lemma/115206	123129(DA3HG),123130(DA3HH),27655(o0953)
os	N3B	n	NcC	lemma/115327	123082(DA4E5),27779(o1064)
os	N3B	n	NcC	lemma/115330	123082(DA4E5),27780(o1065)
oscillum	N2	n	NcB	lemma/114903	123383(DA4EH),27788(o0671)
oscillum	N2	n	NcB	lemma/115339	123383(DA4EH),27789(o1071)
osculatio	N3B	f	NcC	lemma/114905	123394(DA4FA),27795(o0673)
osculatio	N3B	f	NcC	lemma/115346	123394(DA4FA),27796(o1077)
pacifico	V1		VmF	lemma/115587	123657(DA5D9),27963(p0019)
paciscor	V3		VmH	lemma/115589	123669(DA5DG),27965(p0021)
paco	V3		VmH	lemma/115592	123623(DA5C9),27967(p0023)
pala	N1	f	NcA	lemma/115653	123827(DA658),123828(DA65A),123829(DA65B),123830(DA65C),28036(p0077)
pala	N1	f	NcA	lemma/120030	123827(DA658),123828(DA65A),123829(DA65B),123830(DA65C),28037(p4062)
palo	V1		VmF	lemma/115735	123831(DA670),123832(DA671),123833(DA672),28114(p0147)
palo	V1		VmF	lemma/115737	123831(DA670),123832(DA671),123833(DA672)
palo	V1		VmF	lemma/120306	123831(DA670),123832(DA671),123833(DA672),28115(p4330)
panicula	N1	f	NcA	lemma/115867	124245(DA7CC),28207(p0254)
panthera	N1	f	NcA	lemma/115865	124345(DA80A),124346(DA80B),124347(DA80C),28243(p0253)
panthera	N1	f	NcA	lemma/120739	124345(DA80A),124346(DA80B),124347(DA80C),28244(p7100)
paro	V1		VmF	lemma/116061	124434(DA8BA),124435(DA8BB),124436(DA8BC),124437(DA8BD),28435(p0419)
paro	V1		VmF	lemma/120698	124434(DA8BA),124435(DA8BB),124436(DA8BC),124437(DA8BD),43262(p4697)
participo	V1		VmF	lemma/116104	124868(DA9D4),28480(p0459)
partio	V4		VmL	lemma/116114	124891(DA9F4),28489(p0468)
passiuus	N2/1	*	Af-	lemma/116167	125072(DAA7B),28542(p0516)
passiuus	N2/1	*	Af-	lemma/120337	125072(DAA7B),28543(p4358)
pasta	N1	f	NcA	lemma/116145	125086(DAA8F),125087(DAA8G),125088(DAA8H),125089(DAA90),125090(DAA91),125091(DAA92),28549(p0498)
pasta	N1	f	NcA	lemma/116170	125086(DAA8F),125087(DAA8G),125088(DAA8H),125089(DAA90),125090(DAA91),125091(DAA92),28550(p0519)
pedatura	N1	f	NcA	lemma/120696	125595(DAC35),28790(p4695)
pedatura	N1	f	NcA	lemma/120764	125595(DAC35),28791(p8705)
pediculus	N2	m	NcB	lemma/120305	125634(DAC5D),125635(DAC5E),28806(p4329)
percontor	V1		VmF	lemma/116681	148375(DADFD),29088(p0976)
peritio	N3B	f	NcC	lemma/70698	126236(DAE31),126237(DAE84)
pila	N1	f	NcA	lemma/117787	126983(DAGHH),126984(DAH00),126985(DAH01),126986(DAH02),126987(DAH03),126988(DAH04),126989(DAH05),126990(DAH06),126991(DAH07),126992(DAH08),126993(DAH09),126994(DAH0A),30191(p2030)
pila	N1	f	NcA	lemma/117843	126983(DAGHH),126984(DAH00),126985(DAH01),126986(DAH02),126987(DAH03),126988(DAH04),126989(DAH05),126990(DAH06),126991(DAH07),126992(DAH08),126993(DAH09),126994(DAH0A),30197(p2074)
pila	N1	f	NcA	lemma/120839	126983(DAGHH),126984(DAH00),126985(DAH01),126986(DAH02),126987(DAH03),126988(DAH04),126989(DAH05),126990(DAH06),126991(DAH07),126992(DAH08),126993(DAH09),126994(DAH0A),30198(p9866)
pilatus	N2/1	*	Af-	hypolemma/33409	127016(DAH1B),30260(p2062)
pilatus	N2/1	*	Af-	lemma/120493	127016(DAH1B),30261(p4504)
pilo	V1		VmF	lemma/117835	126998(DAH0H),126999(DAH11),127000(DAH12),30199(p2068)
pilo	V1		VmF	lemma/117862	126998(DAH0H),126999(DAH11),127000(DAH12),30193(p2089)
pilo	V1		VmF	lemma/120525	126998(DAH0H),126999(DAH11),127000(DAH12),30200(p4534)
pilum	N2	n	NcB	lemma/117788	126995(DAH6D),30194(p2030)
pilus	N2	m	NcB	lemma/117840	127002(DAH70),30196(p2072)
pilus	N2	m	NcB	lemma/117844	127002(DAH70),30201(p2074)
pinna	N1	f	NcA	lemma/117875	127154(DAH9E),127155(DAH9F),127156(DAH9G),127157(DAH9H),127158(DAHA0),30301(p2101)
pinna	N1	f	NcA	lemma/120530	127154(DAH9E),127155(DAH9F),127156(DAH9G),127157(DAH9H),127158(DAHA0),30302(p4538)
pius	N2/1	*	Af-	lemma/71730	64675(63843),123599(DB078),123600(DB079)
plaga	N1	f	NcA	lemma/118022	127506(DB0CF),127507(DB0CG),30431(p2229)
plaga	N1	f	NcA	lemma/118023	127506(DB0CF),127507(DB0CG),30430(p2230)
planta	N1	f	NcA	lemma/118062	127605(DB105),127606(DB106),127607(DB107),127608(DB108),127609(DB109),30493(p2264)
planta	N1	f	NcA	lemma/120573	127605(DB105),127606(DB106),127607(DB107),127608(DB108),127609(DB109),30494(p4579)
platea	N1	f	NcA	lemma/118071	127699(DB15D),127700(DB15E),127701(DB15F),127702(DB15G),30527(p2270)
plautus	N2/1	*	Af-	lemma/118101	127753(DB194),30555(p2294)
polia	N1	f	NcA	lemma/120841	128202(DB2H7),30679(p9868)
polliceor	V2		VmG	lemma/118296	152486(DB33B),30743(p2466)
polluo	V3		VmH	lemma/118312	128279(DB349),30760(p2479)
populatio	N3B	f	NcC	lemma/118451	128500(DB3H4),128501(DB3H5),128502(DB3H6),30897(p2595)
populatio	N3B	f	NcC	lemma/120604	128500(DB3H4),128501(DB3H5),128502(DB3H6),30898(p4607)
populor	V1		VmF	lemma/118458	128491(DB3GD),30908(p2602)
populus	N2	m	NcB	lemma/118463	128485(DB401),30683(p2606)
porca	N1	f	NcA	lemma/118465	128522(DB408),30911(p2607)
porca	N1	f	NcA	lemma/118488	128522(DB408),30912(p2627)
porus	N2	m	NcB	lemma/118538	128514(DB4FE),30684(p2669)
porus	N2	m	NcB	lemma/118546	128514(DB4FE),30681(p2677)
postumus	N2/1	*	Af-	lemma/72812	64995(65071),128896(DB55E)
praestigio	V1		VmF	lemma/119239	151529(DB6FG),31719(p3320)
praeuaricor	V1		VmF	lemma/119363	151600(DB715),31836(p3435)
principium	N2	n	NcB	lemma/119505	129723(DB852),129724(DB853),129725(DB854),129726(DB855),129727(DB856),31986(p3568)
principium	N2	n	NcB	lemma/120685	129723(DB852),129724(DB853),129725(DB854),129726(DB855),129727(DB856)
pro	I		X--	lemma/118468	129825(DB8A4),32014(p2610)
proco	V1		VmF	lemma/119612	129872(DB8D1),32096(p3666)
pronaus	N2	m	NcB	lemma/119872	130147(DB9C8),32376(p3912)
protestor	V1		VmF	lemma/120147	130344(DBA7F),32657(p4175)
pugillator	N3B	m	NcC	lemma/120715	130675(DBB9F),32925(p5413)
pulpa	N1	f	NcA	lemma/120462	130779(DBBG4),32986(p4474)
pulpa	N1	f	NcA	lemma/120693	130779(DBBG4),32987(p4692)
punctus	N4	m	NcD	lemma/120848	130866(DBC4C),130867(DBC4D),130868(DBC4E),130869(DBC4F),130870(DBC4G),130871(DBC4H),43771(p9871)
punio	V4		VmL	lemma/120522	148443(DBC62),33052(p4531)
puritas	N3B	f	NcC	lemma/120554	130956(DBC92),130957(DBC93),33084(p4561)
puritas	N3B	f	NcC	lemma/120694	130956(DBC92),130957(DBC93),33085(p4693)
quadruplo	V1		VmF	lemma/121041	148448(DBD4B),33316(q0090)
quaestura	N1	f	NcA	lemma/120954	131211(DBD6D),33344(q0008)
quaestura	N1	f	NcA	lemma/121065	131211(DBD6D),33345(q0110)
querelor	V1		VmF	lemma/121147	131515(DBE73),33429(q0183)
quieto	V1		VmF	lemma/121178	131573(DBEB0),33460(q0209)
quirito	V1		VmF	lemma/121271	131693(DBF03),33558(q0293)
racemo	V1		VmF	lemma/122342	131798(DBF66),33614(r0963)
radico	V1		VmF	lemma/122345	131845(DBF8E),33624(r0965)
radio	V1		VmF	lemma/121448	131837(DBF8B),33627(r0085)
rapina	N1	f	NcA	lemma/121362	132041(DBG2D),132042(DBG2E),132043(DBG2F),33594(r0005)
rapina	N1	f	NcA	lemma/121424	132041(DBG2D),132042(DBG2E),132043(DBG2F),33595(r0063)
raucor	V1		VmF	lemma/122424	148465(DBGFB),33747(r1044)
rauio	V1		VmF	lemma/122426	132257(DBGG9),33754(r1045)
rauus	N2/1	*	Af-	lemma/121491	132237(DBGHC),33759(r0125)
rauus	N2/1	*	Af-	lemma/121770	132237(DBGHC),33760(r0398)
rebellio	N3B	f	NcC	lemma/121498	132341(DBH4H),33773(r0132)
recapitulo	V1		VmF	lemma/122377	148476(DBH8B),33800(r0995)
recordor	V1		VmF	lemma/122429	148494(DC05C),33907(r1047)
regradatio	N3B	f	NcC	lemma/121684	132963(DC1H5),34148(r0315)
regradatio	N3B	f	NcC	lemma/121812	132963(DC1H5),34149(r0440)
regrado	V1		VmF	lemma/122544	132961(DC1H3),34150(r1157)
regula	N1	f	NcA	lemma/121686	132985(DC20D),132986(DC20E),132987(DC20F),132988(DC20G),132989(DC20H),132990(DC210),132991(DC211),132992(DC212),132993(DC213),132994(DC214),34154(r0317)
regula	N1	f	NcA	lemma/121689	132985(DC20D),132986(DC20E),132987(DC20F),132988(DC20G),132989(DC20H),132990(DC210),132991(DC211),132992(DC212),132993(DC213),132994(DC214),34155(r0320)
regulo	V1		VmF	lemma/122547	132995(DC217),34158(r1159)
remedio	V1		VmF	lemma/122592	148560(DC2FB),34249(r1200)
retento	V1		VmF	lemma/121818	133781(DC54E),133782(DC54F),133783(DC54G),34659(r0446)
retento	V1		VmF	lemma/122893	133781(DC54E),133782(DC54F),133783(DC54G),34660(r1506)
reuertor	V3		VmH	lemma/122808	134020(DC637),34762(r1434)
rhombus	N2	m	NcB	lemma/122061	134094(DC68F),34846(r0689)
ructo	V1		VmF	lemma/122865	134945(DC952),35060(r1482)
rumigero	V1		VmF	lemma/122875	148637(DC9B5),35110(r1491)
rumino	V1		VmF	lemma/122878	135050(DC9BA),35116(r1493)
ruspor	V1		VmF	lemma/122887	148640(DCA0G),35162(r1501)
sacerdos	N3B	2	NcC	lemma/123066	135356(DCAB3),35246(s0042)
salio	V4		VmL	lemma/123210	135699(DCBG2),35387(s0169)
saltus	N4	m	NcD	lemma/123576	135833(DCC5C),135834(DCC5D),135835(DCC5E),135836(DCC5F),135837(DCC5G),35444(s0516)
saltus	N4	m	NcD	lemma/127453	135833(DCC5C),135834(DCC5D),135835(DCC5E),135836(DCC5F),135837(DCC5G),35445(s9948)
sarcinator	N3B	m	NcC	lemma/123411	136210(DCD7D),35590(s0363)
sarcinator	N3B	m	NcC	lemma/126352	136210(DCD7D),35591(s3106)
sarda	N1	f	NcA	lemma/123432	136228(DCD90),136229(DCD91),35612(s0383)
sarda	N1	f	NcA	lemma/126568	136228(DCD90),136229(DCD91),35613(s3319)
sartura	N1	f	NcA	lemma/123218	136331(DCDEH),35643(s0177)
satis	I		X--	lemma/123480	136367(DCDH1),136368(DCDH2),136369(DCDH3)
scandula	N1	f	NcA	lemma/123614	136710(DCF1D),136711(DCF1E)
scandula	N1	f	NcA	lemma/123619	136710(DCF1D),136711(DCF1E),35802(s0554)
scapula	N1	f	NcA	lemma/127359	136756(DCF49),35816(s7605)
scilla	N1	f	NcA	lemma/123718	137106(DCG7C),35897(s0641)
scopa	N1	f	NcA	lemma/123781	137281(DCH0A),137282(DCH0B),35952(s0702)
scopa	N1	f	NcA	lemma/127437	137281(DCH0A),137282(DCH0B),35951(s9937)
scopulus	N2	m	NcB	lemma/123791	137308(DCH27),137309(DCH28),35975(s0712)
scopulus	N2	m	NcB	lemma/127309	137308(DCH27),137309(DCH28),35976(s4026)
scutula	N1	f	NcA	lemma/123916	137643(DD03E),36104(s0829)
scutula	N1	f	NcA	lemma/127310	137643(DD03E),36105(s4027)
sequor	V3		VmH	lemma/124461	137797(DD2F3),36658(s1348)
sera	N1	f	NcA	lemma/124463	138458(DD2G2),138459(DD2G3),138460(DD2G4),36124(s1349)
sera	N1	f	NcA	lemma/124556	138458(DD2G2),138459(DD2G3),138460(DD2G4),36120(s1431)
seria	N1	f	NcA	lemma/124475	138521(DD31C),138522(DD31D),36121(s1360)
seria	N1	f	NcA	lemma/124481	138521(DD31C),138522(DD31D),36125(s1366)
seria	N1	f	NcA	lemma/124492	138521(DD31C),138522(DD31D),36122(s1375)
sermonor	V1		VmF	lemma/124500	138569(DD34C),36700(s1381)
serum	N2	n	NcB	lemma/124549	138455(DD3CE),36752(s1427)
serum	N2	n	NcB	lemma/124557	138455(DD3CE),36123(s1431)
sicyon	N3B	*	NpC	lemma/21565	66838(76139),66839(76140)
sicyon	N3B	*	NpC	lemma/21566	66838(76139),66839(76140)
significo	V1		VmF	lemma/124762	139116(DD50F),36962(s1623)
situs	N4	m	NcD	lemma/124927	139427(DD63E),37174(s1774)
situs	N4	m	NcD	lemma/127312	139427(DD63E),37175(s4029)
socio	V1		VmF	lemma/125010	139557(DD6AA),37216(s1852)
solarium	N2	n	NcB	lemma/125038	139670(DD6GC),139671(DD6GD),37245(s1877)
solarium	N2	n	NcB	lemma/127305	139670(DD6GC),139671(DD6GD),37246(s4023)
solarius	N2/1	*	Af-	lemma/125037	139672(DD6GE),139673(DD6GF),37247(s1877)
solarius	N2/1	*	Af-	lemma/127304	139672(DD6GE),139673(DD6GF),37248(s4023)
solitaneus	N2/1	*	Af-	lemma/125071	139779(DD754),37283(s1910)
solitaneus	N2/1	*	Af-	lemma/127313	139779(DD754),37284(s4030)
sono	V1		VmF	lemma/125138	139878(DD7C6),139879(DD7C7),139880(DD7C8),37352(s1975)
sororio	V1		VmF	lemma/125200	139996(DD813),37410(s2027)
sors	N3B	f	NcC	lemma/125180	140015(DD820),140011(DD821),140012(DD822),140014(DD823),140013(DD824)
sors	N3B	f	NcC	lemma/125204	140015(DD820),140011(DD821),140012(DD822),140014(DD823),140013(DD824),37413(s2029)
sortior	V4		VmL	lemma/125211	140036(DD836),37420(s2036)
spatior	V1		VmF	lemma/125267	148690(DD8FG),37475(s2087)
spatula	N1	f	NcA	lemma/125273	140258(DD8G8),140259(DD8G9),140260(DD8GA),37480(s2092)
specula	N1	f	NcA	lemma/125301	140318(DD923),140319(DD924),37483(s2120)
specula	N1	f	NcA	lemma/127442	140318(DD923),140319(DD924),37482(s9941)
squilla	N1	f	NcA	lemma/125535	140675(DDA66),37753(s2335)
stabulo	V1		VmF	lemma/125548	140725(DDA94),37765(s2346)
stagno	V1		VmF	lemma/125566	140807(DDADE),140808(DDADF),37782(s2362)
stagno	V1		VmF	lemma/127314	140807(DDADE),140808(DDADF),37783(s4031)
status	N4	m	NcD	lemma/127471	140993(DDB99),140994(DDB9A),140995(DDB9B),140996(DDB9C),140998(DDB9E),140999(DDB9F),141000(DDB9G),141001(DDB9H),141002(DDBA0),141003(DDBA1),141004(DDBA2),141005(DDBA3),141006(DDBA4),37835(s9962)
stella	N1	f	NcA	lemma/125621	141107(DDBCH),141108(DDBD0),141109(DDBD1),141110(DDBD2),141111(DDBD3)
stella	N1	f	NcA	lemma/125625	141107(DDBCH),141108(DDBD0),141109(DDBD1),141110(DDBD2),141111(DDBD3),37844(s2415)
storia	N1	f	NcA	lemma/105561	141424(DDCD9),141425(DDCDA),141426(DDCDB)
storia	N1	f	NcA	lemma/125767	141424(DDCD9),141425(DDCDA),141426(DDCDB)
striga	N1	f	NcA	lemma/125829	141616(DDD6C),141617(DDD6D),141618(DDD6E),141619(DDD6F),38053(s2602)
striga	N1	f	NcA	lemma/127316	141616(DDD6C),141617(DDD6D),141618(DDD6E),141619(DDD6F),38054(s4033)
stropha	N1	f	NcA	lemma/125852	141677(DDDA8),38078(s2624)
suatim	I		X--	lemma/125939	141845(DDE27),38171(s2703)
suatim	I		X--	lemma/127318	141845(DDE27),38172(s4035)
sub	I		X--	lemma/125956	141850(DDE2C),38187(s2719)
supparo	V1		VmF	lemma/127006	142835(DDHC6),39288(s3744)
supparo	V1		VmF	lemma/127321	142835(DDHC6),39289(s4038)
suspicor	V1		VmF	lemma/127134	148775(DE06H),39416(s3866)
symbola	N1	f	NcA	lemma/127193	143112(DE0CD),39480(s3921)
tegula	N1	f	NcA	lemma/127732	153834(DEFH0),39810(t0201)
tegula	N1	f	NcA	lemma/129152	153834(DEFH0),39811(t1500)
tegurium	N2	n	NcB	lemma/129379	153844(DEFHB),39815(t9204)
temo	N3B	m	NcC	lemma/127763	153893(DEG2A),153894(DEG2B),39780(t0232)
temo	N3B	m	NcC	lemma/129430	153893(DEG2A),153894(DEG2B),39781(t9932)
tempero	V1		VmF	lemma/127773	153905(DEG35),39852(t0241)
testiculo	V1		VmF	lemma/127986	154483(DF019),40083(t0441)
tolero	V1		VmF	lemma/128354	155220(DF27C),40465(t0777)
tonsilla	N1	f	NcA	lemma/128385	155334(DF2E7),155335(DF2E8),40499(t0808)
tonsilla	N1	f	NcA	lemma/129392	155334(DF2E7),155335(DF2E8),40500(t9318)
trutino	V1		VmF	lemma/129119	156795(DF7A3),41247(t1473)
tueor	V2		VmG	lemma/129187	156857(DF7DH),41288(t1712)
turabulum	N2	n	NcB	lemma/129233	156954(DF81D),41331(t1752)
uagito	V1		VmF	lemma/129495	148790(DE18D),41506(u0037)
uagor	V1		VmF	lemma/129496	143337(DE17E),41509(u0038)
uallum	N2	n	NcB	lemma/129527	143441(DE1G0),143442(DE1G1),41539(u0067)
uallum	N2	n	NcB	lemma/129529	143441(DE1G0),143442(DE1G1),41540(u0068)
uano	V1		VmF	lemma/129549	143499(DE203),41563(u0086)
uaticinor	V1		VmF	lemma/129632	148795(DE2DG),41645(u0160)
uelifico	V1		VmF	lemma/129712	148800(DE36G),41733(u0233)
uernalis	N3A	*	Af-	lemma/129894	144274(DE4AB),41936(u0397)
uernalis	N3A	*	Af-	lemma/130280	144274(DE4AB),41937(u0734)
uerno	V1		VmF	lemma/129904	144261(DE4AC),41947(u0406)
uersifico	V1		VmF	lemma/129936	148811(DE4FB),41979(u0433)
uerum	N2	n	NcB	lemma/129970	144117(DE51C),41673(u0462)
uerum	N2	n	NcB	lemma/131032	144117(DE51C),41672(u8133)
uespa	N1	f	NcA	lemma/129996	144441(DE531),42043(u0485)
uespa	N1	f	NcA	lemma/130611	144441(DE531),42044(u1039)
uetusto	V1		VmF	lemma/131072	148814(DE59C),42128(u9545)
uicatim	I		X--	lemma/131081	144671(DE5GA),42141(u9580)
uicatim	I		X--	lemma/131082	144671(DE5GA),42146(u9581)
uirosus	N2/1	*	Af-	lemma/130355	145190(DE7BH),145191(DE7C0),42150(u0799)
uirosus	N2/1	*	Af-	lemma/131148	145190(DE7BH),145191(DE7C0),42145(u9999)
uirtutes	N3B	f	NcC	lemma/85356	145202(DE7CE),145203(DE7CG)
uitrum	N2	n	NcB	lemma/130442	145310(DE82F),42532(u0881)
uitrum	N2	n	NcB	lemma/130706	145310(DE82F),42533(u1132)
ungula	N1	f	NcA	lemma/130659	145531(DE8F8),145532(DE8F9),145533(DE8FA),42763(u1087)
ungula	N1	f	NcA	lemma/130825	145531(DE8F8),145532(DE8F9),145533(DE8FA),42764(u1246)
unio	N3B	m	NcC	lemma/130686	145557(DE8H2),41464(u1112)
unio	N3B	m	NcC	lemma/131103	145557(DE8H2),41465(u9888)
uoco	V1		VmF	lemma/130729	145612(DE923),42841(u1152)
utor	V3		VmH	lemma/130923	145881(DEA7H),43053(u1333)
zelo	V1		VmF	lemma/131194	146763(DECG0),43164(z0009)
